<blocks app="Snap4Arduino 1.2
 http://snap4arduino.org" version="1"><block-definition s="$robot Tone pin %&apos;pin&apos; | %&apos;freq&apos; Hz %&apos;dur&apos; ms" type="command" category="arduino"><comment x="0" y="0" w="619" collapsed="false">Play sound of selected frequenzy (Hz) during a time (miliseconds value) using a buzzer on the selected pin.&#xD;&#xD;-Frequency. Accept values from 0 to 65535 Hz, but real operation range is 32-16000Hz.&#xD;-Duration. Accept values up tol 60000ms, but in blocking operation, good values are up to 6000 (6 seconds) to avoid disconnections.&#xD;-Default pin is 14 (A0), ready to Imagina shield.&#xD;-It&apos;s not using arduino tone function. It&apos;s a blocking action for the board (wait until sound stops). Then timer2 is not used. </comment><header></header><code></code><inputs><input type="%n">14</input><input type="%n">0</input><input type="%n">0</input></inputs><script><block s="doRun"><block s="reportJSFunction"><list><l></l></list><l>board = this.arduino.board; //Definition should change according to the context&#xD;if (board.pins[2].supportedModes.indexOf(0x05) === -1) {&#xD;  throw new Error("Please upload SA5Firmata2.ino a higher version");&#xD;}</l></block><list></list></block><block s="doRun"><block s="reportJSFunction"><list><l>pin</l><l>freq</l><l>dur</l></list><l>board = this.arduino.board; //Definition should change according to the context&#xD;//Launcher&#xD;if (pin === undefined || freq === undefined || pin &lt;= 1 || pin &gt; 255 || freq &lt; 0 || freq &gt; 65535) {&#xD;  throw new Error("Required var pin (2-255) and frequency (0-65535)");&#xD;}&#xD;var dur = dur || 0;&#xD;dur = dur &amp; 0xFFFF; //clamping value to 32 bits&#xD;var data =[0xF0, //START_SYSEX&#xD;      		0xC7,  //Tone Command&#xD;      		(dur &gt;&gt; 25) &amp; 0x7F,&#xD;      		(dur &gt;&gt; 18) &amp; 0x7F,&#xD;      		(dur &gt;&gt; 11) &amp; 0x7F,&#xD;      		(dur &gt;&gt; 4) &amp; 0x7F,&#xD;      		((dur &lt;&lt; 3) &amp; parseInt("01111000",2)) | ((freq &gt;&gt; 13) &amp; parseInt("0111",2)),&#xD;      		(freq &gt;&gt; 6) &amp; 0x7F,&#xD;      		((freq &lt;&lt; 1) &amp; parseInt("01111110",2)) | ((pin &gt;&gt; 7) &amp; parseInt("01",2)),&#xD;        pin &amp; 0x7F,&#xD;      		0xF7  //END_SYSEX&#xD;];&#xD;board.transport.write(new Buffer(data));</l></block><list><block var="pin"/><block var="freq"/><block var="dur"/></list></block></script></block-definition><block-definition s="$robot pulseOut pin %&apos;pin&apos; | %&apos;stValue&apos; %&apos;time1&apos; %&apos;time2&apos; %&apos;time3&apos; µs" type="command" category="arduino"><comment x="0" y="0" w="573" collapsed="false">Sends a pulse (high or low) on the selected pin.&#xD;&#xD;Times (in microseconds) for the pulse: initialStateTime, pulseTime, endingStateTime</comment><header></header><code></code><inputs><input type="%n"></input><input type="%txt" readonly="true">HIGH<options>HIGH
LOW</options></input><input type="%n"></input><input type="%n"></input><input type="%n"></input></inputs><script><block s="doRun"><block s="reportJSFunction"><list><l></l></list><l>board = this.arduino.board; //Definition should change according to the context&#xD;if (board.pins[2].supportedModes.indexOf(0x05) === -1) {&#xD;  throw new Error("Please upload SA5Firmata2.ino a higher version");&#xD;}</l></block><list></list></block><block s="doRun"><block s="reportJSFunction"><list><l>pin</l><l>stValue</l><l>time1</l><l>time2</l><l>time3</l></list><l>board = this.arduino.board;  //Definition should change according to the context&#xD;//Launcher&#xD;var value = 1;&#xD;if (stValue == "LOW") {value = 0;} //only explicit LOW causes a low pulse &#xD;if (pin === undefined || pin &lt;= 1 || pin &gt; 255) {&#xD;  throw new Error("Required var pin (2-255)");&#xD;}&#xD;//undefined time will be 0 seconds&#xD;var time1 = time1 || 0;&#xD;var time2 = time2 || 0;&#xD;var time3 = time3 || 0;&#xD;//clamping time values to 11 bits&#xD;time1 = time1 &amp; parseInt("011111111111",2);&#xD;time2 = time2 &amp; parseInt("011111111111",2);&#xD;time3 = time3 &amp; parseInt("011111111111",2);&#xD;var data = [0xF0, //START_SYSEX&#xD;        		0xC9,  //microsecondsPulseOut Command&#xD;        		(time1 &gt;&gt; 4) &amp; 0x7F,&#xD;        		((time1 &lt;&lt; 3) &amp; parseInt("01111000",2)) | ((time2 &gt;&gt; 8) &amp; parseInt("0111",2)),&#xD;        		(time2 &gt;&gt; 1) &amp; 0x7F,&#xD;        		((time2 &lt;&lt; 6) &amp; parseInt("01000000",2)) | ((time3 &gt;&gt; 5) &amp; parseInt("0111111",2)),&#xD;      	  	((time3 &lt;&lt; 2) &amp; parseInt("01111100",2)) | ((value &lt;&lt; 1) &amp; parseInt("010",2)) | ((pin &gt;&gt; 7) &amp; parseInt("01",2)),&#xD;      	  	(pin &amp; 0x7F), &#xD;      	  	0xF7  //END_SYSEX&#xD;];&#xD;board.transport.write(new Buffer(data));</l></block><list><block var="pin"/><block var="stValue"/><block var="time1"/><block var="time2"/><block var="time3"/></list></block></script></block-definition><block-definition s="$robot pulseIn (µs) pin %&apos;pin&apos; | %&apos;stValue&apos; timeout: %&apos;timeout&apos; µs" type="reporter" category="arduino"><comment x="0" y="0" w="778" collapsed="false">Return a pulse (either HIGH or LOW) on a pin in microseconds.&#xD;&#xD;-Default timeout is 1 second (1000000 µs)&#xD;</comment><header></header><code></code><inputs><input type="%n"></input><input type="%txt" readonly="true">HIGH<options>HIGH
LOW</options></input><input type="%n"></input></inputs><script><block s="doRun"><block s="reportJSFunction"><list><l></l></list><l>board = this.arduino.board; //Definition should change according to the context&#xD;if (board.pins[2].supportedModes.indexOf(0x05) === -1) {&#xD;  throw new Error("Please upload SA5Firmata2.ino a higher version");&#xD;}</l></block><list></list></block><block s="doRun"><block s="reportJSFunction"><list><l>pin</l><l>stValue</l><l>timeout</l></list><l>board = this.arduino.board; //Definition should change according to the context&#xD;//Response definition&#xD;world.Arduino.firmata.SYSEX_RESPONSE[0xC8] = function(board) {&#xD;  var pulse = (board.currentBuffer[2] &amp; 0x7F) &lt;&lt; 25| (board.currentBuffer[3] &amp; 0x7F) &lt;&lt; 18 | (board.currentBuffer[4] &amp; 0x7F) &lt;&lt; 11 | (board.currentBuffer[5] &amp; 0x7F) &lt;&lt; 4 | (board.currentBuffer[6] &amp; 0x7F) &gt;&gt; 3;&#xD;  var pinResp = (board.currentBuffer[6] &amp; parseInt("0111",2)) &lt;&lt; 5 | (board.currentBuffer[7] &amp; parseInt("011111",2));&#xD;  board.emit("pulseIn-"+pinResp, pulse);&#xD;}&#xD;//Async reporting&#xD;report = this;&#xD;this.arduino["pulseIn-"+pin] = null;&#xD;//Launcher&#xD;value = 1;&#xD;if (stValue == "LOW") {value = 0;} //only explicit LOW return a low pulse &#xD;if (pin === undefined || pin &lt;= 1 || pin &gt; 255) {&#xD;  throw new Error("Required var pin (2-255)");&#xD;}&#xD;var timeout = timeout || 0; //undefined will be 0, and 0 causes Arduino&apos;s default (1s)&#xD;timeout = timeout &amp; 0xFFFFFFFF; //clamping value to 32 bits&#xD;board.once("pulseIn-"+pin, function(data){report.arduino["pulseIn-"+pin] = data;});&#xD;var data =[0xF0, //START_SYSEX&#xD;        		0xC8,  //PulseIn Command&#xD;        		(timeout &gt;&gt; 25) &amp; 0x7F,&#xD;        		(timeout &gt;&gt; 18) &amp; 0x7F,&#xD;        		(timeout &gt;&gt; 11) &amp; 0x7F,&#xD;      	  	(timeout &gt;&gt; 4) &amp; 0x7F,&#xD;      		  ((timeout &lt;&lt; 3) &amp; parseInt("01111000",2)) | ((value &lt;&lt; 2) &amp; parseInt("0100",2)) | ((pin &gt;&gt; 6) &amp; parseInt("011",2)),&#xD;      		  (pin &amp; parseInt("0111111",2)),&#xD;      		  0xF7  //END_SYSEX&#xD;];&#xD;board.transport.write(new Buffer(data)) ;</l></block><list><block var="pin"/><block var="stValue"/><block var="timeout"/></list></block><block s="doWaitUntil"><block s="evaluate"><block s="reportJSFunction"><list><l>pin</l></list><l>return (this.arduino["pulseIn-"+pin] != null);</l></block><list><block var="pin"/></list></block></block><block s="doReport"><block s="evaluate"><block s="reportJSFunction"><list><l>pin</l></list><l>return this.arduino["pulseIn-"+pin];</l></block><list><block var="pin"/></list></block></block></script></block-definition><block-definition s="$robot ping (cm) Trig %&apos;pinSen&apos; Echo %&apos;pinRec&apos; pulse %&apos;time1&apos; %&apos;time2&apos; µs" type="reporter" category="arduino"><comment x="0" y="0" w="658" collapsed="false">Return distance (in cm) from a Ultrasonic sensor.&#xD;&#xD;-Tested range from 3 up to 400 cm. Timeouts return 1000.&#xD;-You must select the connection pins (trigger and echo).&#xD;-You can modify trigger pulse. By default it sends a 5 µs pulse after 2µs in low state.&#xD;-Distance calculation assumes the speed of sound is 343m/s (value in dry air at 20ºC)</comment><header></header><code></code><inputs><input type="%n">4</input><input type="%n">2</input><input type="%n">2</input><input type="%n">5</input></inputs><script><block s="doRun"><block s="reportJSFunction"><list><l></l></list><l>board = this.arduino.board; //Definition should change according to the context&#xD;if (board.pins[2].supportedModes.indexOf(0x05) === -1) {&#xD;  throw new Error("Please upload SA5Firmata2.ino a higher version");&#xD;}</l></block><list></list></block><block s="doRun"><block s="reportJSFunction"><list><l>pinRec</l><l>pinSen</l><l>time1</l><l>time2</l></list><l>board = this.arduino.board; //Definition should change according to the context&#xD;//Response definition&#xD;world.Arduino.firmata.SYSEX_RESPONSE[0xCA] = function(board) {&#xD;  var pulse = (board.currentBuffer[2] &amp; 0x7F) &lt;&lt; 9| (board.currentBuffer[3] &amp; 0x7F) &lt;&lt; 2 | (board.currentBuffer[4] &amp; parseInt("01100000",2)) &gt;&gt; 5;&#xD;  var pinResponse = (board.currentBuffer[4] &amp; parseInt("011111",2)) &lt;&lt; 3 | (board.currentBuffer[5] &amp; parseInt("0111",2));&#xD;  board.emit("ping-"+pinResponse, pulse);&#xD;}&#xD;//Async reporting&#xD;report = this;&#xD;this.arduino["ping-"+pinRec] = null;&#xD;//Launcher&#xD;if (pinSen === undefined || pinSen &lt;= 1 || pinSen &gt; 255 || pinRec === undefined || pinRec &lt;= 1 || pinRec &gt; 255) {&#xD;  throw new Error("Required vars pinSen and pinRec (2-255)");&#xD;}&#xD;board.once("ping-"+pinRec, function(data){report.arduino["ping-"+pinRec] = data;});&#xD;var data =[0xF0, //START_SYSEX&#xD;        		0xCA,  //Ping Command&#xD;        		(pinSen &gt;&gt; 1) &amp; 0x7F,&#xD;        		(pinSen &lt;&lt; 6) | (time1 &amp; parseInt("011111",2)),&#xD;        		(pinRec &gt;&gt; 1) &amp; 0x7F,&#xD;      		  (pinRec &lt;&lt; 6) | (time2 &amp; parseInt("011111",2)),&#xD;      		  0xF7  //END_SYSEX&#xD;];&#xD;board.transport.write(new Buffer(data));</l></block><list><block var="pinRec"/><block var="pinSen"/><block var="time1"/><block var="time2"/></list></block><block s="doWaitUntil"><block s="evaluate"><block s="reportJSFunction"><list><l>pinRec</l></list><l>return (this.arduino["ping-"+pinRec] != null);</l></block><list><block var="pinRec"/></list></block></block><block s="doReport"><block s="evaluate"><block s="reportJSFunction"><list><l>pinRec</l></list><l>var value = Math.round(this.arduino["ping-"+pinRec]/29.15/2);&#xD;if (value == 0) return 1000;&#xD;return value;</l></block><list><block var="pinRec"/></list></block></block></script></block-definition><block-definition s="$robot Nunchuk %&apos;opt&apos;" type="reporter" category="arduino"><comment x="0" y="0" w="472" collapsed="false">Return sensor values from a Nunchuk connected to I2C pins.&#xD;&#xD;-Sensors: Joystick (joyX and joyY), buttons ( butC and butZ) and accelerometers (accX, accY and accZ)&#xD;-Nunchuk I2C connection uses SCL, SDA, Ground and Vcc</comment><header></header><code></code><inputs><input type="%txt" readonly="true">joyX<options>joyX
joyY
butZ
butC
accX
accY
accZ</options></input></inputs><script><block s="doRun"><block s="reportJSFunction"><list><l></l></list><l>board = this.arduino.board; //Definition should change according to the context&#xD;if (board.pins[2].supportedModes.indexOf(0x05) === -1) {&#xD;  throw new Error("Please upload SA5Firmata2.ino a higher version");&#xD;}</l></block><list></list></block><block s="doRun"><block s="reportJSFunction"><list><l>command</l></list><l>//Nunchuk command&#xD;var cCode;&#xD;if (command == "joyX") cCode = 0xC0;&#xD;if (command == "joyY") cCode = 0xC1;&#xD;if (command == "butZ") cCode = 0xC2;&#xD;if (command == "butC") cCode = 0xC3;&#xD;if (command == "accX") cCode = 0xC4;&#xD;if (command == "accY") cCode = 0xC5;&#xD;if (command == "accZ") cCode = 0xC6;&#xD;//Sysex Response definition&#xD;board = this.arduino.board; //Definition should change according to the context&#xD;world.Arduino.firmata.SYSEX_RESPONSE[cCode] = function(board) {&#xD;  if (command == "butZ" || command == "butC") {&#xD;    var value = (board.currentBuffer[2] &amp; 0x7F);&#xD;  } else {&#xD;    var value = (board.currentBuffer[2] &amp; 0x7F) | ((board.currentBuffer[3] &amp; 0x7F) &lt;&lt; 7);&#xD;  }&#xD; 	board.emit(command, value);&#xD;}&#xD;//Async query&#xD;myself = this.arduino;&#xD;this.arduino.nun = new Object();&#xD;this.arduino.nun[command] = null;&#xD;//Launcher&#xD;board.once(command, function(data){myself.nun[command] = data;});&#xD;var sdata =[0xF0,//START_SYSEX,&#xD;				cCode,//nunchuk command&#xD;  		0xF7//END_SYSEX&#xD;];&#xD;board.transport.write(new Buffer(sdata));</l></block><list><block var="opt"/></list></block><block s="doWaitUntil"><block s="evaluate"><block s="reportJSFunction"><list><l>command</l></list><l>return (this.arduino.nun[command] != null);</l></block><list><block var="opt"/></list></block></block><block s="doReport"><block s="evaluate"><block s="reportJSFunction"><list><l>command</l></list><l>return this.arduino.nun[command];</l></block><list><block var="opt"/></list></block></block></script></block-definition><block-definition s="$robot DHT11 %&apos;param&apos; on pin %&apos;pin&apos;" type="reporter" category="arduino"><comment x="0" y="0" w="381" collapsed="false">Return humidity/temperature (ºC) from DHT11 sensor connected on selected pin.</comment><header></header><code></code><inputs><input type="%txt" readonly="true">humidity<options>humidity
temperature</options></input><input type="%n">4</input></inputs><script><block s="doRun"><block s="reportJSFunction"><list><l></l></list><l>board = this.arduino.board; //Definition should change according to the context&#xD;if (board.pins[2].supportedModes.indexOf(0x05) === -1) {&#xD;  throw new Error("Please upload SA5Firmata2.ino a higher version");&#xD;}</l></block><list></list></block><block s="doRun"><block s="reportJSFunction"><list><l>pin</l><l>param</l></list><l>var sparam = 0;&#xD;if (param == "temperature") sparam = 1;&#xD;//Response definition&#xD;&#xD;board = this.arduino.board; //Definition should change according to the context&#xD;      world.Arduino.firmata.SYSEX_RESPONSE[0xCF] = function(board) {&#xD;      	 var response = (board.currentBuffer[2] &amp; 0x7F) &lt;&lt; 1 | (board.currentBuffer[3] &amp; 0x01);&#xD;       	var rpin = board.currentBuffer[4] &gt;&gt; 1;&#xD;      	 var rparam = board.currentBuffer[4] &amp; parseInt("01",2);&#xD;      	 board.emit("DHT11-"+rpin+"-"+rparam, response);&#xD;      }&#xD;//Async reporting&#xD;report = this;&#xD;this.arduino["DHT11-"+pin+"-"+sparam] = null;&#xD;&#xD;//Launcher&#xD;if (pin === undefined || pin &lt;= 1 || pin &gt; 63) {&#xD;  throw new Error("Required var pin (2-63)");&#xD;}&#xD;board.once("DHT11-"+pin+"-"+sparam, function(data){report.arduino["DHT11-"+pin+"-"+sparam] = data;});&#xD;var data =[0xF0, //START_SYSEX&#xD;      		0xCF,  //DHT11 Command&#xD;      		((pin &lt;&lt; 1) |  sparam) &amp; 0x7F,&#xD;      		0xF7  //END_SYSEX&#xD;];&#xD;board.transport.write(new Buffer(data));</l></block><list><block var="pin"/><block var="param"/></list></block><block s="doWaitUntil"><block s="evaluate"><block s="reportJSFunction"><list><l>pin</l><l>param</l></list><l>var sparam = 0;&#xD;if (param == "temperature") sparam = 1;&#xD;return (this.arduino["DHT11-"+pin+"-"+sparam] != null);</l></block><list><block var="pin"/><block var="param"/></list></block></block><block s="doReport"><block s="evaluate"><block s="reportJSFunction"><list><l>pin</l><l>param</l></list><l>var sparam = 0;&#xD;if (param == "temperature") sparam = 1;&#xD;return this.arduino["DHT11-"+pin+"-"+sparam];</l></block><list><block var="pin"/><block var="param"/></list></block></block></script></block-definition></blocks>